0,toke,secret_shhhh
0,toke,secret_shhhh
0,toke,secret_shhhh
0,toke,secret_shhhh
0,toke,secret_shhhh
0,toke,secret_shhhh
0,toke,secret_shhhh
0,toke,secret_shhhh
0,toke,secret_shhhh
0,toke,secret_shhhh
0,toke,secret_shhhh
0,toke,secret_shhhh
0,toke,secret_shhhh
0,toke,secret_shhhh
0,toke,secret_shhhh
0,toke,secret_shhhh
0,toke,secret_shhhh
0,toke,secret_shhhh
0,toke,secret_shhhh
0,toke,secret_shhhh
0,toke,secret_shhhh
0,toke,secret_shhhh
0,toke,secret_shhhh
0,toke,secret_shhhh
0,toke,secret_shhhh
0,toke,secret_shhhh
0,toke,secret_shhhh
0,toke,secret_shhhh
0,toke,secret_shhhh
0,toke,secret_shhhh
0,toke,secret_shhhh
0,toke,secret_shhhh
0,toke,secret_shhhh
0,toke,secret_shhhh
0,toke,secret_shhhh
0,toke,secret_shhhh
0,toke,secret_shhhh
0,toke,secret_shhhh
0,toke,secret_shhhh
0,toke,secret_shhhh
0,toke,secret_shhhh
0,toke,secret_shhhh
0,toke,secret_shhhh
0,toke,secret_shhhh
0,toke,secret_shhhh
